{"meta": {"format": 2, "version": "7.5.3", "timestamp": "2024-06-24T00:15:46.353340", "branch_coverage": false, "show_contexts": false}, "files": {"manage.py": {"executed_lines": [2, 3, 4, 7, 9, 10, 11, 18, 21, 22], "summary": {"covered_lines": 9, "num_statements": 11, "percent_covered": 81.81818181818181, "percent_covered_display": "82", "missing_lines": 2, "excluded_lines": 0}, "missing_lines": [12, 13], "excluded_lines": []}, "tests/runner.py": {"executed_lines": [1, 4, 5, 7, 8, 9, 12, 14, 15, 18, 19, 21, 27, 28, 29, 30], "summary": {"covered_lines": 14, "num_statements": 14, "percent_covered": 100.0, "percent_covered_display": "100", "missing_lines": 0, "excluded_lines": 0}, "missing_lines": [], "excluded_lines": []}, "tests/test_models.py": {"executed_lines": [1, 3, 4, 5, 6, 7, 8, 9, 10, 11, 14, 15, 17, 28, 29, 34, 38, 41, 46, 49, 50, 51, 52, 53, 55, 56, 57, 58, 60, 61, 62, 63, 66, 67, 72, 73, 79, 80, 81, 82, 84, 85, 86, 89, 90, 96, 97, 103, 104, 105, 106, 108, 109, 111, 112, 115, 116, 120, 121, 125, 126, 127, 128, 130, 131, 132, 134, 135, 140, 141, 146, 147, 148, 149, 151, 152, 153, 155, 156, 157, 165, 166, 167, 172, 173, 174, 175, 177, 178, 179, 181, 182, 187, 188, 193, 194, 195, 196, 198, 199, 200, 202, 203, 204, 205, 207, 208, 209, 211, 212, 213, 214, 217, 218, 219, 220, 221, 222, 224, 225, 226, 227, 230, 231, 234, 239, 244, 245, 248, 250, 251, 253], "summary": {"covered_lines": 131, "num_statements": 142, "percent_covered": 92.25352112676056, "percent_covered_display": "92", "missing_lines": 11, "excluded_lines": 0}, "missing_lines": [30, 31, 32, 35, 36, 39, 42, 43, 44, 246, 247], "excluded_lines": []}, "tests/test_rest.py": {"executed_lines": [1, 2, 3, 4, 5, 7, 9, 10, 11, 12, 13, 14, 15, 16, 18, 19, 20, 21, 23, 24, 26, 27, 29, 30, 33, 34, 37, 40, 41, 44, 45, 47, 48, 55, 56, 63, 65, 67, 69, 71], "summary": {"covered_lines": 40, "num_statements": 40, "percent_covered": 100.0, "percent_covered_display": "100", "missing_lines": 0, "excluded_lines": 0}, "missing_lines": [], "excluded_lines": []}, "tests/test_validations.py": {"executed_lines": [1, 2, 3, 4, 6, 7, 8, 13, 14, 18, 19, 24, 25, 27, 28, 29, 30, 32, 33, 34, 35, 38, 39, 40, 41, 43, 44, 45, 46, 49, 50, 51, 52, 54, 55, 56, 57], "summary": {"covered_lines": 37, "num_statements": 39, "percent_covered": 94.87179487179488, "percent_covered_display": "95", "missing_lines": 2, "excluded_lines": 0}, "missing_lines": [15, 16], "excluded_lines": []}, "tests/test_views.py": {"executed_lines": [1, 2, 3, 4, 5, 6, 7, 8, 10, 11, 13, 14, 15, 16, 18, 19, 20, 22, 23, 24, 26, 27, 28, 33, 34, 35, 38, 39, 40, 41, 43, 44, 45, 49, 50, 52, 53, 54, 58, 59, 62, 63, 64, 66, 67, 68, 69, 70, 73, 74, 75, 78, 79, 82, 83, 85, 86, 88, 89, 90, 91, 93, 94, 95, 96, 97, 98, 100, 101, 102, 103, 104, 105, 106, 108, 109, 110, 111, 112, 113, 114], "summary": {"covered_lines": 81, "num_statements": 81, "percent_covered": 100.0, "percent_covered_display": "100", "missing_lines": 0, "excluded_lines": 0}, "missing_lines": [], "excluded_lines": []}, "timetable/__init__.py": {"executed_lines": [0], "summary": {"covered_lines": 0, "num_statements": 0, "percent_covered": 100.0, "percent_covered_display": "100", "missing_lines": 0, "excluded_lines": 0}, "missing_lines": [], "excluded_lines": []}, "timetable/settings.py": {"executed_lines": [1, 12, 13, 15, 17, 20, 26, 29, 31, 33, 35, 41, 43, 45, 49, 62, 72, 83, 85, 101, 107, 125, 132, 137, 139, 141, 143, 145, 150, 152, 153, 155, 156, 160, 162], "summary": {"covered_lines": 34, "num_statements": 34, "percent_covered": 100.0, "percent_covered_display": "100", "missing_lines": 0, "excluded_lines": 0}, "missing_lines": [], "excluded_lines": []}, "timetable/urls.py": {"executed_lines": [1, 3, 4, 6], "summary": {"covered_lines": 3, "num_statements": 3, "percent_covered": 100.0, "percent_covered_display": "100", "missing_lines": 0, "excluded_lines": 0}, "missing_lines": [], "excluded_lines": []}, "timetable_app/__init__.py": {"executed_lines": [0], "summary": {"covered_lines": 0, "num_statements": 0, "percent_covered": 100.0, "percent_covered_display": "100", "missing_lines": 0, "excluded_lines": 0}, "missing_lines": [], "excluded_lines": []}, "timetable_app/admin.py": {"executed_lines": [1, 19, 20, 21, 23, 26, 27, 33, 34, 37, 38, 44, 45, 48, 49, 50, 56, 57, 62, 63, 64, 70, 71, 72, 77, 78, 79, 85, 86, 87, 93, 94, 95, 101, 102, 103, 108, 109, 110, 116, 117, 124, 125, 126, 132, 133, 138, 139, 152, 153, 154, 156, 173, 174, 187, 188, 189, 190, 192, 198, 205, 208], "summary": {"covered_lines": 51, "num_statements": 56, "percent_covered": 91.07142857142857, "percent_covered_display": "91", "missing_lines": 5, "excluded_lines": 0}, "missing_lines": [166, 167, 168, 169, 170], "excluded_lines": []}, "timetable_app/apps.py": {"executed_lines": [1, 7, 10, 11, 17, 18], "summary": {"covered_lines": 4, "num_statements": 4, "percent_covered": 100.0, "percent_covered_display": "100", "missing_lines": 0, "excluded_lines": 0}, "missing_lines": [], "excluded_lines": []}, "timetable_app/config.py": {"executed_lines": [1, 3, 4, 5, 7, 8], "summary": {"covered_lines": 5, "num_statements": 5, "percent_covered": 100.0, "percent_covered_display": "100", "missing_lines": 0, "excluded_lines": 0}, "missing_lines": [], "excluded_lines": []}, "timetable_app/migrations/0001_initial.py": {"executed_lines": [3, 4, 5, 6, 7, 10, 12, 14, 18], "summary": {"covered_lines": 9, "num_statements": 9, "percent_covered": 100.0, "percent_covered_display": "100", "missing_lines": 0, "excluded_lines": 0}, "missing_lines": [], "excluded_lines": []}, "timetable_app/migrations/__init__.py": {"executed_lines": [0], "summary": {"covered_lines": 0, "num_statements": 0, "percent_covered": 100.0, "percent_covered_display": "100", "missing_lines": 0, "excluded_lines": 0}, "missing_lines": [], "excluded_lines": []}, "timetable_app/models.py": {"executed_lines": [1, 2, 3, 4, 5, 6, 7, 8, 9, 11, 14, 24, 31, 34, 44, 51, 61, 68, 69, 75, 79, 80, 87, 90, 91, 97, 106, 107, 114, 117, 118, 124, 133, 134, 141, 144, 145, 155, 169, 171, 173, 174, 175, 176, 177, 179, 194, 196, 198, 199, 200, 201, 202, 203, 206, 207, 218, 219, 220, 221, 222, 223, 225, 226, 228, 230, 242, 243, 244, 245, 246, 249, 250, 259, 260, 261, 263, 276, 277, 278, 279, 280, 283, 284, 293, 294, 295, 297, 310, 311, 312, 313, 314, 317, 318, 327, 328, 329, 331, 343, 344, 345, 346, 347, 350, 351, 360, 361, 362, 364, 376, 377, 378, 379, 380, 383, 384, 401, 402, 403, 404, 405, 406, 407, 409, 474, 484, 485, 486, 487, 497, 512, 513, 514, 515, 516, 519, 520, 529, 530, 531, 540, 555, 556, 557, 558, 559, 562, 563, 571, 572, 574, 575, 576, 579, 580, 588, 589, 591, 592, 593], "summary": {"covered_lines": 144, "num_statements": 205, "percent_covered": 70.2439024390244, "percent_covered_display": "70", "missing_lines": 61, "excluded_lines": 0}, "missing_lines": [45, 62, 170, 172, 195, 197, 240, 274, 308, 341, 374, 429, 430, 431, 432, 433, 434, 435, 436, 437, 438, 439, 440, 441, 442, 443, 444, 445, 446, 447, 449, 450, 451, 452, 453, 454, 455, 456, 457, 458, 459, 460, 461, 462, 463, 464, 465, 466, 467, 468, 469, 470, 471, 472, 488, 489, 490, 491, 492, 510, 553], "excluded_lines": []}, "timetable_app/serializers.py": {"executed_lines": [1, 7, 8, 9, 12, 15, 16, 34, 35, 36, 38, 48, 49, 50, 51, 54, 55, 73, 74, 76, 88, 91, 92, 102, 103, 104, 107, 108, 118, 119, 120, 125, 126, 136, 137, 138, 143, 144, 155, 157, 158, 159, 164, 165, 177, 178, 180, 181, 182, 187, 188, 199, 201, 202, 203, 208, 209, 222, 223, 224, 226, 227, 228], "summary": {"covered_lines": 53, "num_statements": 53, "percent_covered": 100.0, "percent_covered_display": "100", "missing_lines": 0, "excluded_lines": 0}, "missing_lines": [], "excluded_lines": []}, "timetable_app/urls.py": {"executed_lines": [1, 2, 3, 5, 7, 8, 9, 10, 11, 12, 13, 16], "summary": {"covered_lines": 11, "num_statements": 11, "percent_covered": 100.0, "percent_covered_display": "100", "missing_lines": 0, "excluded_lines": 0}, "missing_lines": [], "excluded_lines": []},